label,message
ham,Please check the report before the meeting. See you soon.
spam,Your account qualifies for a special reward. Claim now!
spam,FREE gift waiting for you! Act now to receive it. Don't miss out!
ham,I attached the notes from today's meeting. Let me know.
ham,Please send me the assignment when you get a chance. Let me know.
ham,Let me know when you arrive. Thanks!
ham,I am running a little late. Start without me. See you soon.
spam,You could win a brand new phone. Enter the competition today! Don't miss out!
ham,I will call you when I get to the office. See you soon.
spam,Free membership available for a limited time. Join now! Don't miss out!
ham,The assignment deadline is next Monday.
ham,The package arrived this afternoon. See you soon.
ham,"Thanks, I received your message. Let me know."
spam,Win $500 today! Click the link to claim your free prize. Click now!
spam,Free entry! You could win a large cash prize. Don't miss out!
ham,I am studying for the exam tonight. See you soon.
ham,"Hi, are we still meeting at 8 AM today? See you soon."
ham,Can you call me after 10 AM? Thanks!
ham,I will be home around 4 PM. See you then. Thanks!
ham,Can you share the presentation with me? See you soon.
ham,Can you call me after 10 AM? See you soon.
spam,URGENT! You have been selected for a special cash reward.
spam,URGENT! You have been selected for a special cash reward.
spam,Earn easy money from home. Sign up today! Click now!
spam,Act fast! This amazing offer ends tonight. Click now!
spam,FREE gift waiting for you! Act now to receive it.
ham,The class starts at 8 AM in room 101. Thanks!
ham,Can we discuss the project tomorrow?
spam,Exclusive winner notification. Respond immediately to claim your prize. Click now!
spam,"Congratulations, your number has been chosen for a cash prize. Don't miss out!"
spam,You have been selected for an exclusive promotion.
ham,I left the documents on your desk.
ham,I ordered the books you asked for. See you soon.
ham,I attached the notes from today's meeting. Let me know.
ham,The class starts at 8 AM in room 101. Thanks!
spam,Free membership available for a limited time. Join now! Don't miss out!
ham,The class starts at 8 AM in room 101. Thanks!
spam,"Congratulations, your number has been chosen for a cash prize."
spam,Special deal just for you! Buy now and save big. Don't miss out!
ham,Don't forget to bring the charger tomorrow.
spam,URGENT: Your reward is waiting. Verify your details now. Click now!
ham,Let's meet near the library after class. Let me know.
spam,Special cash offer available today only. Limited availability.
spam,Earn easy money from home. Sign up today! Limited availability.
ham,I am studying for the exam tonight. Thanks!
ham,Can you call me after 10 AM? See you soon.
spam,Free entry! You could win a large cash prize. Don't miss out!
ham,Let me know when you arrive. Thanks!
ham,The meeting has been moved to Thursday at 2 PM.
spam,Claim your FREE voucher now before the offer expires. Limited availability.
ham,Don't forget to bring the charger tomorrow. Let me know.
ham,I finished the presentation; I will send it tonight. Thanks!
ham,Could you pick up some documents on your way home? Let me know.
spam,Double your money with our special limited offer.
spam,FREE gift waiting for you! Act now to receive it.
spam,You are a lucky winner! Claim your reward immediately. Click now!
ham,Let's meet near the library after class. Let me know.
ham,Can we discuss the project tomorrow? Let me know.
ham,I attached the notes from today's meeting. Let me know.
ham,Can we discuss the project tomorrow?
ham,Your appointment is confirmed for Friday at 4 PM. Thanks!
ham,Can you share the presentation with me? Thanks!
spam,Exclusive offer! Get a huge discount before it expires. Don't miss out!
spam,"Win $2,500 today! Click the link to claim your free prize. Click now!"
spam,Get a guaranteed bonus when you register today. Click now!
ham,I am running a little late. Start without me. See you soon.
spam,URGENT! You have been selected for a special cash reward. Don't miss out!
spam,Exclusive offer! Get a huge discount before it expires. Don't miss out!
ham,The train is delayed by about twenty minutes. Let me know.
spam,Act fast! This amazing offer ends tonight. Click now!
spam,You are a lucky winner! Claim your reward immediately. Click now!
ham,Thanks for helping me with the assignment. See you soon.
spam,Lowest prices available! Shop now for an exclusive deal.
spam,Exclusive winner notification. Respond immediately to claim your prize. Limited availability.
spam,You are pre-approved for a fantastic bonus. Apply now! Don't miss out!
spam,Exclusive offer! Get a huge discount before it expires. Don't miss out!
spam,URGENT: Your reward is waiting. Verify your details now. Click now!
ham,The package arrived this afternoon. See you soon.
spam,You are pre-approved for a fantastic bonus. Apply now!
spam,Win $500 today! Click the link to claim your free prize. Click now!
ham,Your appointment is confirmed for Friday at 4 PM. See you soon.
spam,Exclusive winner notification. Respond immediately to claim your prize. Limited availability.
spam,URGENT: Your reward is waiting. Verify your details now. Limited availability.
spam,You have been selected for an exclusive promotion. Don't miss out!
ham,I left the documents on your desk. Let me know.
ham,Please remind me about the deadline.
ham,Don't forget to bring the charger tomorrow.
ham,I finished the presentation; I will send it tonight. See you soon.
spam,Congratulations! You are eligible for a premium reward. Limited availability.
ham,"Hi, are we still meeting at 8 AM today? See you soon."
ham,The assignment deadline is next Monday.
spam,URGENT: Your reward is waiting. Verify your details now. Limited availability.
ham,"Hi, are we still meeting at 8 AM today? Thanks!"
spam,Congratulations! You have won a $500 prize. Claim it now! Click now!
ham,"Thanks, I received your message."
ham,I am running a little late. Start without me. Thanks!
ham,I will call you when I get to the office. Thanks!
ham,Could you pick up some documents on your way home?
spam,Claim your FREE voucher now before the offer expires. Click now!
ham,What time should we leave tomorrow?
ham,"Hi, are we still meeting at 8 AM today? See you soon."
ham,The package arrived this afternoon. Thanks!
spam,You are a lucky winner! Claim your reward immediately. Limited availability.
spam,You have been selected for an exclusive promotion.
ham,"Thanks, I received your message."
spam,You are a lucky winner! Claim your reward immediately. Limited availability.
ham,Please check the report before the meeting. Thanks!
ham,Could you pick up some documents on your way home? Let me know.
ham,The package arrived this afternoon. Thanks!
spam,Earn easy money from home. Sign up today! Limited availability.
ham,"Thanks, I received your message."
spam,Claim your FREE voucher now before the offer expires. Click now!
spam,Your account qualifies for a special reward. Claim now!
spam,Special cash offer available today only. Click now!
spam,Lowest prices available! Shop now for an exclusive deal.
spam,Double your money with our special limited offer.
spam,Get a guaranteed bonus when you register today. Click now!
ham,The package arrived this afternoon. Thanks!
spam,URGENT: Your reward is waiting. Verify your details now. Limited availability.
spam,You have been selected for an exclusive promotion.
ham,The assignment deadline is next Monday. Let me know.
ham,Please remind me about the deadline. Let me know.
spam,Free membership available for a limited time. Join now!
spam,Your account qualifies for a special reward. Claim now!
ham,I finished the presentation; I will send it tonight. Thanks!
ham,Could you pick up some documents on your way home?
spam,URGENT: Your reward is waiting. Verify your details now. Click now!
ham,The package arrived this afternoon. See you soon.
spam,"Congratulations! You have won a £1,000 prize. Claim it now! Limited availability."
spam,Act fast! This amazing offer ends tonight. Limited availability.
ham,I am studying for the exam tonight. Thanks!
spam,"Limited time offer! Get £1,000 in bonus credit today. Click now!"
ham,I will bring coffee for everyone. Let me know.
ham,The meeting has been moved to Thursday at 2 PM. Let me know.
spam,Exclusive winner notification. Respond immediately to claim your prize. Click now!
ham,Your appointment is confirmed for Friday at 4 PM. Thanks!
ham,Can we discuss the project tomorrow?
ham,Can you call me after 10 AM? Thanks!
ham,Can you share the presentation with me? Thanks!
ham,I finished the presentation; I will send it tonight. Thanks!
ham,Can we discuss the project tomorrow?
ham,I am studying for the exam tonight. Thanks!
ham,I finished the presentation; I will send it tonight. See you soon.
ham,The package arrived this afternoon. Thanks!
spam,Your account qualifies for a special reward. Claim now! Don't miss out!
ham,I will bring coffee for everyone. Let me know.
spam,You are a lucky winner! Claim your reward immediately. Limited availability.
spam,URGENT! You have been selected for a special cash reward. Don't miss out!
ham,The meeting has been moved to Thursday at 2 PM. Let me know.
ham,"Hi, are we still meeting at 8 AM today? Thanks!"
spam,"Congratulations, your number has been chosen for a cash prize. Don't miss out!"
spam,Free membership available for a limited time. Join now!
spam,URGENT! You have been selected for a special cash reward. Don't miss out!
spam,"Limited time offer! Get $2,500 in bonus credit today. Click now!"
spam,Congratulations! You have won a $500 prize. Claim it now! Limited availability.
ham,I will be home around 4 PM. See you then. Thanks!
ham,I ordered the books you asked for. See you soon.
spam,Earn easy money from home. Sign up today! Click now!
ham,Can you share the presentation with me? Thanks!
ham,Let's meet near the library after class. Let me know.
spam,You could win a brand new phone. Enter the competition today! Don't miss out!
ham,Please send me the assignment when you get a chance.
ham,I will call you when I get to the office. See you soon.
spam,Exclusive offer! Get a huge discount before it expires.
spam,You have won a surprise gift. Click now to collect it. Click now!
ham,I am studying for the exam tonight. Thanks!
ham,"Thanks, I received your message. Let me know."
ham,I will be home around 4 PM. See you then. See you soon.
spam,"Congratulations, your number has been chosen for a cash prize. Don't miss out!"
spam,Claim your FREE voucher now before the offer expires. Click now!
ham,I am running a little late. Start without me. See you soon.
ham,I attached the notes from today's meeting.
spam,You have won a surprise gift. Click now to collect it. Click now!
spam,Exclusive winner notification. Respond immediately to claim your prize. Click now!
ham,I attached the notes from today's meeting.
ham,I am studying for the exam tonight. See you soon.
spam,Special deal just for you! Buy now and save big. Don't miss out!
ham,Your appointment is confirmed for Friday at 4 PM. See you soon.
ham,The meeting has been moved to Thursday at 2 PM. Let me know.
ham,I am studying for the exam tonight. Thanks!
ham,I will call you when I get to the office. Thanks!
ham,Can you call me after 10 AM? Thanks!
spam,You could win a brand new phone. Enter the competition today!
spam,Free membership available for a limited time. Join now!
spam,"Limited time offer! Get £1,000 in bonus credit today. Click now!"
spam,FREE gift waiting for you! Act now to receive it.
spam,"Win $2,500 today! Click the link to claim your free prize. Click now!"
spam,Limited time offer! Get $500 in bonus credit today. Limited availability.
spam,Act fast! This amazing offer ends tonight. Limited availability.
ham,The assignment deadline is next Monday. Let me know.
spam,Special cash offer available today only. Click now!
spam,You have been selected for an exclusive promotion. Don't miss out!
ham,Please remind me about the deadline. Let me know.
ham,The train is delayed by about twenty minutes.
spam,You are pre-approved for a fantastic bonus. Apply now!
ham,I finished the presentation; I will send it tonight. See you soon.
spam,Act fast! This amazing offer ends tonight. Click now!
spam,Special cash offer available today only. Limited availability.
spam,URGENT! You have been selected for a special cash reward. Don't miss out!
ham,Let's meet near the library after class. Let me know.
ham,I will be home around 4 PM. See you then. Thanks!
spam,Special cash offer available today only. Click now!
spam,You have been selected for an exclusive promotion. Don't miss out!
ham,Don't forget to bring the charger tomorrow. Let me know.
ham,I attached the notes from today's meeting.
ham,The train is delayed by about twenty minutes.
ham,Are you free for lunch on Tuesday?
ham,Please check the report before the meeting. See you soon.
ham,Please remind me about the deadline. Let me know.
spam,You could win a brand new phone. Enter the competition today!
spam,Free entry! You could win a large cash prize.
spam,Congratulations! You are eligible for a premium reward. Click now!
spam,Act fast! This amazing offer ends tonight. Limited availability.
ham,I am studying for the exam tonight. See you soon.
ham,What time should we leave tomorrow?
ham,The train is delayed by about twenty minutes. Let me know.
spam,URGENT: Your reward is waiting. Verify your details now. Limited availability.
ham,Are you free for lunch on Tuesday?
spam,You could win a brand new phone. Enter the competition today! Don't miss out!
ham,"Thanks, I received your message."
ham,I ordered the books you asked for. Thanks!
spam,Double your money with our special limited offer.
ham,Can you share the presentation with me? Thanks!
spam,URGENT! You have been selected for a special cash reward. Don't miss out!
spam,Earn easy money from home. Sign up today! Click now!
spam,You have won a surprise gift. Click now to collect it. Limited availability.
spam,Exclusive winner notification. Respond immediately to claim your prize. Limited availability.
spam,Earn easy money from home. Sign up today! Limited availability.
ham,"Thanks, I received your message. Let me know."
spam,Congratulations! You are eligible for a premium reward. Click now!
ham,The assignment deadline is next Monday. Let me know.
spam,URGENT: Your reward is waiting. Verify your details now. Limited availability.
ham,I am running a little late. Start without me. Thanks!
spam,URGENT! You have been selected for a special cash reward.
spam,Limited time offer! Get $500 in bonus credit today. Click now!
ham,The class starts at 8 AM in room Lab 2. See you soon.
spam,URGENT: Your reward is waiting. Verify your details now. Click now!
ham,The train is delayed by about twenty minutes. Let me know.
spam,You are a lucky winner! Claim your reward immediately. Click now!
ham,Are you free for lunch on Tuesday? Let me know.
spam,You have been selected for an exclusive promotion. Don't miss out!
spam,Exclusive offer! Get a huge discount before it expires. Don't miss out!
spam,"Congratulations, your number has been chosen for a cash prize."
ham,I will be home around 4 PM. See you then. See you soon.
ham,Thanks for helping me with the assignment. See you soon.
spam,You have been selected for an exclusive promotion. Don't miss out!
spam,Special deal just for you! Buy now and save big.
spam,Your account qualifies for a special reward. Claim now! Don't miss out!
ham,I am studying for the exam tonight. See you soon.
ham,Please send me the assignment when you get a chance.
ham,What time should we leave tomorrow? Let me know.
ham,What time should we leave tomorrow?
ham,What time should we leave tomorrow? Let me know.
spam,Free membership available for a limited time. Join now! Don't miss out!
ham,Thanks for helping me with the assignment. See you soon.
ham,I will bring coffee for everyone. Let me know.
spam,Double your money with our special limited offer. Don't miss out!
ham,The class starts at 8 AM in room Lab 2. See you soon.
ham,I attached the notes from today's meeting. Let me know.
ham,Let's meet near the library after class.
ham,Can we discuss the project tomorrow?
spam,FREE gift waiting for you! Act now to receive it. Don't miss out!
spam,You could win a brand new phone. Enter the competition today! Don't miss out!
ham,I am running a little late. Start without me. See you soon.
spam,Congratulations! You are eligible for a premium reward. Limited availability.
spam,Lowest prices available! Shop now for an exclusive deal.
ham,Please send me the assignment when you get a chance.
ham,I will be home around 4 PM. See you then. See you soon.
ham,"Hi, are we still meeting at 8 AM today? Thanks!"
spam,FREE gift waiting for you! Act now to receive it.
spam,"Win £1,000 today! Click the link to claim your free prize. Click now!"
spam,Special deal just for you! Buy now and save big.
ham,Don't forget to bring the charger tomorrow. Let me know.
ham,Can we discuss the project tomorrow? Let me know.
spam,You have won a surprise gift. Click now to collect it. Limited availability.
spam,Act fast! This amazing offer ends tonight. Click now!
spam,URGENT: Your reward is waiting. Verify your details now. Click now!
ham,Your appointment is confirmed for Friday at 4 PM. Thanks!
ham,I will call you when I get to the office. Thanks!
spam,Lowest prices available! Shop now for an exclusive deal.
spam,FREE gift waiting for you! Act now to receive it.
ham,The meeting has been moved to Thursday at 2 PM.
spam,You are a lucky winner! Claim your reward immediately. Limited availability.
spam,Claim your FREE voucher now before the offer expires. Limited availability.
spam,Earn easy money from home. Sign up today! Limited availability.
spam,Exclusive offer! Get a huge discount before it expires. Don't miss out!
spam,"Win $2,500 today! Click the link to claim your free prize. Limited availability."
ham,Can we discuss the project tomorrow? Let me know.
ham,Can you share the presentation with me? See you soon.
spam,You have won a surprise gift. Click now to collect it. Click now!
ham,What time should we leave tomorrow?
ham,Please check the report before the meeting. See you soon.
ham,"Thanks, I received your message. Let me know."
ham,Are you free for lunch on Tuesday? Let me know.
ham,Are you free for lunch on Tuesday? Let me know.
ham,I will bring coffee for everyone. Let me know.
spam,Get a guaranteed bonus when you register today. Limited availability.
ham,The assignment deadline is next Monday.
spam,"Limited time offer! Get £1,000 in bonus credit today. Limited availability."
spam,FREE gift waiting for you! Act now to receive it. Don't miss out!
ham,Let me know when you arrive. See you soon.
spam,Double your money with our special limited offer.
spam,Congratulations! You are eligible for a premium reward. Limited availability.
spam,Exclusive offer! Get a huge discount before it expires.
ham,Are you free for lunch on Tuesday?
spam,Lowest prices available! Shop now for an exclusive deal.
ham,I will call you when I get to the office. Thanks!
spam,Your account qualifies for a special reward. Claim now!
ham,The class starts at 8 AM in room Lab 2. See you soon.
ham,I left the documents on your desk. Let me know.
ham,Can you call me after 10 AM? Thanks!
spam,Lowest prices available! Shop now for an exclusive deal. Don't miss out!
spam,You have won a surprise gift. Click now to collect it. Limited availability.
spam,Exclusive offer! Get a huge discount before it expires. Don't miss out!
spam,"Congratulations, your number has been chosen for a cash prize. Don't miss out!"
ham,I left the documents on your desk.
spam,URGENT: Your reward is waiting. Verify your details now. Limited availability.
ham,Let me know when you arrive. See you soon.
spam,Congratulations! You are eligible for a premium reward. Limited availability.
spam,Free entry! You could win a large cash prize. Don't miss out!
ham,Let's meet near the library after class.
spam,Congratulations! You are eligible for a premium reward. Click now!
spam,FREE gift waiting for you! Act now to receive it. Don't miss out!
spam,You are pre-approved for a fantastic bonus. Apply now! Don't miss out!
ham,I will bring coffee for everyone.
spam,Claim your FREE voucher now before the offer expires. Limited availability.
spam,"Congratulations! You have won a £1,000 prize. Claim it now! Click now!"
spam,Your account qualifies for a special reward. Claim now! Don't miss out!
spam,"Congratulations! You have won a $2,500 prize. Claim it now! Click now!"
ham,I finished the presentation; I will send it tonight. Thanks!
spam,You are pre-approved for a fantastic bonus. Apply now! Don't miss out!
ham,Thanks for helping me with the assignment. Thanks!
ham,"Thanks, I received your message."
ham,I left the documents on your desk. Let me know.
spam,Exclusive offer! Get a huge discount before it expires.
spam,Claim your FREE voucher now before the offer expires. Limited availability.
ham,Let's meet near the library after class.
ham,The train is delayed by about twenty minutes.
spam,Special deal just for you! Buy now and save big.
spam,Win $500 today! Click the link to claim your free prize. Limited availability.
ham,I ordered the books you asked for. See you soon.
spam,Free entry! You could win a large cash prize. Don't miss out!
ham,I will bring coffee for everyone. Let me know.
ham,"Hi, are we still meeting at 8 AM today? See you soon."
ham,Can you share the presentation with me? See you soon.
spam,Earn easy money from home. Sign up today! Limited availability.
spam,Exclusive winner notification. Respond immediately to claim your prize. Limited availability.
ham,I finished the presentation; I will send it tonight. See you soon.
spam,URGENT! You have been selected for a special cash reward.
spam,"Congratulations, your number has been chosen for a cash prize."
ham,I will call you when I get to the office. See you soon.
spam,Exclusive offer! Get a huge discount before it expires.
ham,Can you share the presentation with me? See you soon.
spam,Get a guaranteed bonus when you register today. Limited availability.
spam,Special cash offer available today only. Click now!
ham,I will bring coffee for everyone.
spam,Act fast! This amazing offer ends tonight. Click now!
spam,Exclusive winner notification. Respond immediately to claim your prize. Click now!
spam,You are pre-approved for a fantastic bonus. Apply now! Don't miss out!
spam,FREE gift waiting for you! Act now to receive it. Don't miss out!
ham,The meeting has been moved to Thursday at 2 PM.
spam,You have won a surprise gift. Click now to collect it. Limited availability.
ham,Thanks for helping me with the assignment. Thanks!
ham,What time should we leave tomorrow?
ham,Let's meet near the library after class.
spam,Double your money with our special limited offer. Don't miss out!
ham,Are you free for lunch on Tuesday? Let me know.
spam,Special cash offer available today only. Click now!
ham,Please remind me about the deadline.
ham,What time should we leave tomorrow? Let me know.
spam,Double your money with our special limited offer. Don't miss out!
ham,Can you call me after 10 AM? See you soon.
ham,The meeting has been moved to Thursday at 2 PM.
ham,I ordered the books you asked for. See you soon.
spam,Free membership available for a limited time. Join now!
ham,Thanks for helping me with the assignment. See you soon.
spam,You are a lucky winner! Claim your reward immediately. Click now!
spam,URGENT! You have been selected for a special cash reward. Don't miss out!
spam,Exclusive winner notification. Respond immediately to claim your prize. Limited availability.
spam,Free entry! You could win a large cash prize.
spam,Double your money with our special limited offer. Don't miss out!
spam,Earn easy money from home. Sign up today! Click now!
ham,Don't forget to bring the charger tomorrow. Let me know.
spam,Double your money with our special limited offer. Don't miss out!
ham,I left the documents on your desk.
spam,Act fast! This amazing offer ends tonight. Limited availability.
ham,What time should we leave tomorrow? Let me know.
ham,Please remind me about the deadline.
ham,Please remind me about the deadline. Let me know.
spam,You have been selected for an exclusive promotion.
spam,Your account qualifies for a special reward. Claim now! Don't miss out!
spam,Free entry! You could win a large cash prize.
spam,Special deal just for you! Buy now and save big. Don't miss out!
spam,Free entry! You could win a large cash prize.
spam,"Limited time offer! Get $2,500 in bonus credit today. Limited availability."
spam,Special cash offer available today only. Limited availability.
spam,Claim your FREE voucher now before the offer expires. Limited availability.
spam,You have won a surprise gift. Click now to collect it. Click now!
ham,I am studying for the exam tonight. See you soon.
spam,Congratulations! You are eligible for a premium reward. Click now!
spam,"Congratulations! You have won a $2,500 prize. Claim it now! Limited availability."
spam,Special deal just for you! Buy now and save big.
ham,I ordered the books you asked for. Thanks!
ham,Let's meet near the library after class.
spam,Free entry! You could win a large cash prize. Don't miss out!
spam,Special deal just for you! Buy now and save big.
spam,Lowest prices available! Shop now for an exclusive deal. Don't miss out!
spam,Double your money with our special limited offer. Don't miss out!
spam,Get a guaranteed bonus when you register today. Limited availability.
ham,Please send me the assignment when you get a chance.
spam,Exclusive winner notification. Respond immediately to claim your prize. Limited availability.
ham,What time should we leave tomorrow? Let me know.
spam,Limited time offer! Get $500 in bonus credit today. Limited availability.
spam,Your account qualifies for a special reward. Claim now! Don't miss out!
ham,Let me know when you arrive. Thanks!
spam,Free entry! You could win a large cash prize. Don't miss out!
ham,Your appointment is confirmed for Friday at 4 PM. Thanks!
spam,"Limited time offer! Get $2,500 in bonus credit today. Limited availability."
ham,I attached the notes from today's meeting. Let me know.
spam,Claim your FREE voucher now before the offer expires. Click now!
ham,I will call you when I get to the office. See you soon.
ham,I ordered the books you asked for. Thanks!
ham,The assignment deadline is next Monday.
ham,"Hi, are we still meeting at 8 AM today? Thanks!"
spam,"Limited time offer! Get $2,500 in bonus credit today. Click now!"
spam,Special cash offer available today only. Click now!
spam,Limited time offer! Get $500 in bonus credit today. Click now!
ham,Let me know when you arrive. Thanks!
spam,"Congratulations, your number has been chosen for a cash prize."
spam,Congratulations! You have won a $500 prize. Claim it now! Click now!
spam,Double your money with our special limited offer.
ham,Are you free for lunch on Tuesday?
spam,You are a lucky winner! Claim your reward immediately. Limited availability.
ham,Can we discuss the project tomorrow? Let me know.
spam,Lowest prices available! Shop now for an exclusive deal. Don't miss out!
ham,I left the documents on your desk.
ham,I attached the notes from today's meeting.
spam,You are a lucky winner! Claim your reward immediately. Click now!
spam,Get a guaranteed bonus when you register today. Click now!
ham,I left the documents on your desk. Let me know.
spam,You could win a brand new phone. Enter the competition today!
ham,Let me know when you arrive. Thanks!
ham,"Thanks, I received your message. Let me know."
ham,Don't forget to bring the charger tomorrow. Let me know.
ham,I left the documents on your desk.
ham,The assignment deadline is next Monday. Let me know.
ham,Can you call me after 10 AM? See you soon.
ham,Thanks for helping me with the assignment. See you soon.
spam,"Congratulations! You have won a $2,500 prize. Claim it now! Limited availability."
ham,Please remind me about the deadline.
ham,The class starts at 8 AM in room 101. Thanks!
ham,Don't forget to bring the charger tomorrow.
ham,The package arrived this afternoon. Thanks!
ham,Please check the report before the meeting. See you soon.
ham,I ordered the books you asked for. See you soon.
ham,Can you share the presentation with me? Thanks!
spam,"Congratulations, your number has been chosen for a cash prize."
spam,Get a guaranteed bonus when you register today. Click now!
ham,Could you pick up some documents on your way home? Let me know.
spam,Earn easy money from home. Sign up today! Click now!
ham,Don't forget to bring the charger tomorrow.
ham,The train is delayed by about twenty minutes.
ham,"Hi, are we still meeting at 8 AM today? Thanks!"
spam,You are pre-approved for a fantastic bonus. Apply now!
spam,You are pre-approved for a fantastic bonus. Apply now!
spam,Claim your FREE voucher now before the offer expires. Click now!
ham,The package arrived this afternoon. See you soon.
spam,You are a lucky winner! Claim your reward immediately. Click now!
spam,Congratulations! You are eligible for a premium reward. Limited availability.
ham,Could you pick up some documents on your way home? Let me know.
spam,You have won a surprise gift. Click now to collect it. Limited availability.
spam,Get a guaranteed bonus when you register today. Limited availability.
ham,Can you share the presentation with me? See you soon.
spam,Get a guaranteed bonus when you register today. Click now!
ham,The class starts at 8 AM in room Lab 2. See you soon.
spam,"Limited time offer! Get £1,000 in bonus credit today. Limited availability."
spam,Lowest prices available! Shop now for an exclusive deal. Don't miss out!
ham,Let me know when you arrive. See you soon.
ham,Are you free for lunch on Tuesday? Let me know.
ham,I will be home around 4 PM. See you then. Thanks!
ham,Your appointment is confirmed for Friday at 4 PM. Thanks!
spam,Exclusive offer! Get a huge discount before it expires.
spam,You are pre-approved for a fantastic bonus. Apply now! Don't miss out!
spam,"Congratulations! You have won a £1,000 prize. Claim it now! Limited availability."
ham,I am running a little late. Start without me. Thanks!
ham,Your appointment is confirmed for Friday at 4 PM. See you soon.
spam,Congratulations! You are eligible for a premium reward. Click now!
spam,You could win a brand new phone. Enter the competition today!
spam,Special deal just for you! Buy now and save big.
ham,The meeting has been moved to Thursday at 2 PM. Let me know.
spam,"Congratulations, your number has been chosen for a cash prize."
ham,The train is delayed by about twenty minutes.
ham,I finished the presentation; I will send it tonight. See you soon.
ham,I ordered the books you asked for. Thanks!
ham,Don't forget to bring the charger tomorrow.
ham,Please send me the assignment when you get a chance. Let me know.
spam,"Win £1,000 today! Click the link to claim your free prize. Limited availability."
ham,I attached the notes from today's meeting.
ham,Can you call me after 10 AM? Thanks!
spam,You could win a brand new phone. Enter the competition today! Don't miss out!
ham,I will bring coffee for everyone.
spam,URGENT! You have been selected for a special cash reward.
ham,Please check the report before the meeting. Thanks!
ham,Let me know when you arrive. See you soon.
ham,I will bring coffee for everyone.
spam,Act fast! This amazing offer ends tonight. Click now!
spam,Free membership available for a limited time. Join now! Don't miss out!
ham,Please check the report before the meeting. See you soon.
spam,"Congratulations, your number has been chosen for a cash prize. Don't miss out!"
ham,Please check the report before the meeting. Thanks!
spam,Congratulations! You have won a $500 prize. Claim it now! Limited availability.
ham,I will call you when I get to the office. Thanks!
spam,Get a guaranteed bonus when you register today. Limited availability.
spam,You could win a brand new phone. Enter the competition today!
spam,Act fast! This amazing offer ends tonight. Limited availability.
ham,I will call you when I get to the office. See you soon.
ham,Can you call me after 10 AM? See you soon.
spam,Your account qualifies for a special reward. Claim now!
ham,I finished the presentation; I will send it tonight. Thanks!
spam,Free membership available for a limited time. Join now!
spam,URGENT: Your reward is waiting. Verify your details now. Click now!
ham,I will be home around 4 PM. See you then. Thanks!
ham,Let me know when you arrive. See you soon.
ham,Thanks for helping me with the assignment. Thanks!
ham,I am running a little late. Start without me. Thanks!
spam,Earn easy money from home. Sign up today! Click now!
spam,URGENT! You have been selected for a special cash reward.
ham,Are you free for lunch on Tuesday?
ham,Thanks for helping me with the assignment. Thanks!
ham,I ordered the books you asked for. Thanks!
spam,Special deal just for you! Buy now and save big. Don't miss out!
ham,The assignment deadline is next Monday.
ham,Could you pick up some documents on your way home?
spam,FREE gift waiting for you! Act now to receive it. Don't miss out!
spam,You are pre-approved for a fantastic bonus. Apply now!
spam,Special deal just for you! Buy now and save big. Don't miss out!
ham,Let's meet near the library after class. Let me know.
ham,The train is delayed by about twenty minutes. Let me know.
ham,Could you pick up some documents on your way home? Let me know.
spam,Free membership available for a limited time. Join now! Don't miss out!
spam,You have won a surprise gift. Click now to collect it. Click now!
ham,Can we discuss the project tomorrow? Let me know.
spam,Special deal just for you! Buy now and save big. Don't miss out!
ham,Please send me the assignment when you get a chance. Let me know.
spam,Special cash offer available today only. Limited availability.
ham,Please check the report before the meeting. Thanks!
ham,The assignment deadline is next Monday. Let me know.
ham,I will be home around 4 PM. See you then. See you soon.
spam,"Congratulations! You have won a £1,000 prize. Claim it now! Click now!"
spam,Free membership available for a limited time. Join now!
spam,Special cash offer available today only. Limited availability.
spam,Get a guaranteed bonus when you register today. Limited availability.
ham,Please send me the assignment when you get a chance.
spam,You could win a brand new phone. Enter the competition today!
spam,Lowest prices available! Shop now for an exclusive deal. Don't miss out!
ham,Please send me the assignment when you get a chance. Let me know.
ham,I left the documents on your desk. Let me know.
spam,Your account qualifies for a special reward. Claim now!
spam,You have been selected for an exclusive promotion.
ham,The meeting has been moved to Thursday at 2 PM. Let me know.
ham,Your appointment is confirmed for Friday at 4 PM. See you soon.
spam,Claim your FREE voucher now before the offer expires. Limited availability.
spam,"Win £1,000 today! Click the link to claim your free prize. Click now!"
spam,You are pre-approved for a fantastic bonus. Apply now! Don't miss out!
spam,Exclusive winner notification. Respond immediately to claim your prize. Click now!
ham,The meeting has been moved to Thursday at 2 PM.
spam,"Win £1,000 today! Click the link to claim your free prize. Limited availability."
ham,Please remind me about the deadline. Let me know.
spam,Lowest prices available! Shop now for an exclusive deal.
spam,Win $500 today! Click the link to claim your free prize. Limited availability.
ham,The package arrived this afternoon. See you soon.
spam,Congratulations! You are eligible for a premium reward. Limited availability.
spam,"Congratulations! You have won a $2,500 prize. Claim it now! Click now!"
ham,The class starts at 8 AM in room 101. Thanks!
ham,The train is delayed by about twenty minutes. Let me know.
spam,You could win a brand new phone. Enter the competition today! Don't miss out!
spam,Exclusive offer! Get a huge discount before it expires.
ham,I am running a little late. Start without me. Thanks!
ham,Thanks for helping me with the assignment. Thanks!
ham,Could you pick up some documents on your way home?
spam,"Congratulations, your number has been chosen for a cash prize. Don't miss out!"
spam,You have been selected for an exclusive promotion. Don't miss out!
spam,You have been selected for an exclusive promotion.
spam,Free entry! You could win a large cash prize.
spam,Claim your FREE voucher now before the offer expires. Click now!
ham,I am running a little late. Start without me. See you soon.
ham,Please remind me about the deadline.
spam,You have won a surprise gift. Click now to collect it. Click now!
ham,I will bring coffee for everyone.
spam,"Win $2,500 today! Click the link to claim your free prize. Limited availability."
spam,You are a lucky winner! Claim your reward immediately. Limited availability.
ham,I will be home around 4 PM. See you then. See you soon.
spam,Earn easy money from home. Sign up today! Limited availability.
ham,Please send me the assignment when you get a chance. Let me know.
ham,Please check the report before the meeting. Thanks!
ham,Could you pick up some documents on your way home?
ham,Your appointment is confirmed for Friday at 4 PM. See you soon.
ham,"Hi, are we still meeting at 8 AM today? See you soon."
spam,FREE gift waiting for you! Act now to receive it.
ham,The class starts at 8 AM in room Lab 2. See you soon.
