Date,Open,High,Low,Close,Volume,Market_Cap_Bn,PE_Ratio,EPS,Dividend_Yield_%,ROE_%,Debt_to_Equity,Sector,Analyst_Rating
2025-01-02,224.91,227.55,217.66,221.09,4456602,40.29,35.25,6.27,2.32,23.12,1.77,Banking,Hold
2025-01-03,340.14,349.93,333.63,342.11,4596951,73.82,17.98,19.03,2.56,14.95,1.12,FMCG,Hold
2025-01-06,296.4,299.93,292.86,298.57,764223,57.86,17.54,17.02,2.46,21.3,1.09,Technology,Hold
2025-01-07,269.73,273.33,263.6,264.91,3819260,49.6,12.81,20.68,3.17,23.91,1.37,Healthcare,Buy
2025-01-08,181.2,190.08,179.65,189.65,3194287,35.01,28.94,6.55,1.06,26.54,1.48,Healthcare,Sell
2025-01-09,181.2,185.69,179.32,183.35,2166471,40.66,21.58,8.5,0.62,12.69,1.22,Technology,Hold
2025-01-10,161.62,162.15,154.17,156.81,1088365,31.42,34.47,4.55,1.73,15.99,0.32,FMCG,Buy
2025-01-13,323.24,330.1,318.35,328.55,1203662,73.43,24.3,13.52,3.32,11.05,0.68,Energy,Strong Buy
2025-01-14,270.22,271.49,260.95,263.64,1805585,48.49,37.17,7.09,1.31,27.85,1.68,Technology,Buy
2025-01-15,291.61,302.38,284.41,297.35,4592097,59.15,16.82,17.68,3.19,26.54,0.48,FMCG,Buy
2025-01-16,154.12,161.62,151.66,158.58,3159440,33.68,34.58,4.59,4.38,18.8,0.73,Technology,Hold
2025-01-17,343.98,349.28,334.41,336.92,2099601,76.63,32.19,10.47,0.88,24.84,0.83,Technology,Buy
2025-01-20,316.49,331.93,315.12,324.11,4443645,64.54,32.04,10.12,3.19,18.42,0.85,Banking,Buy
2025-01-21,192.47,196.53,191.41,194.46,4995013,42.31,33.96,5.73,2.28,20.47,1.14,FMCG,Sell
2025-01-22,186.36,191.82,184.93,190.19,4551774,44.34,31.79,5.98,3.97,9.78,1.7,Energy,Strong Buy
2025-01-23,186.68,199.83,185.62,195.53,1734816,42.42,28.28,6.91,1.21,23.11,0.51,Banking,Buy
2025-01-24,210.85,212.36,208.24,209.56,2125351,40.65,15.41,13.6,3.27,10.55,0.31,Technology,Strong Buy
2025-01-27,254.95,261.11,248.01,250.15,2464956,45.39,12.85,19.47,3.85,24.52,0.44,Technology,Hold
2025-01-28,236.39,236.93,229.75,231.13,3948678,53.67,35.94,6.43,4.28,23.64,1.61,Technology,Sell
2025-01-29,208.25,213.31,199.38,204.0,1627199,36.98,28.03,7.28,3.23,22.17,1.2,FMCG,Buy
2025-01-30,272.37,273.19,270.79,271.84,4011049,63.2,32.71,8.31,2.49,8.72,0.59,FMCG,Hold
2025-01-31,177.9,183.46,175.4,179.42,4563186,37.99,24.52,7.32,2.97,14.06,1.49,Banking,Buy
2025-02-03,208.43,212.84,206.05,209.87,2780827,49.6,15.05,13.94,3.98,13.26,1.56,Energy,Sell
2025-02-04,223.27,233.55,217.78,227.89,2285910,51.94,15.25,14.94,2.78,15.2,1.54,Banking,Hold
2025-02-05,241.21,242.18,240.11,241.29,3595900,57.88,29.82,8.09,0.62,9.75,1.66,Healthcare,Hold
2025-02-06,307.04,322.89,303.62,318.2,4543064,63.97,23.19,13.72,4.22,26.74,0.53,Technology,Strong Buy
2025-02-07,189.93,194.54,184.09,188.67,3102967,42.65,17.21,10.96,3.26,19.08,1.38,Technology,Sell
2025-02-10,252.85,273.83,247.31,270.04,3938550,55.12,24.78,10.9,3.21,14.11,0.88,Technology,Hold
2025-02-11,268.48,277.17,262.9,272.68,576218,56.93,13.67,19.95,1.36,15.94,1.53,Banking,Buy
2025-02-12,159.29,162.16,154.64,155.88,1270044,33.93,27.13,5.75,3.14,16.94,1.34,Banking,Hold
2025-02-13,271.51,274.89,262.67,264.24,3046741,61.41,18.99,13.91,2.08,20.01,1.42,Technology,Buy
2025-02-14,184.1,189.38,180.9,186.32,3980130,44.54,32.74,5.69,3.1,18.31,1.22,Banking,Hold
2025-02-17,163.01,165.53,158.31,162.1,3685714,36.65,20.07,8.08,0.93,26.39,0.4,FMCG,Strong Buy
2025-02-18,339.78,353.71,334.75,345.85,2228096,70.92,23.84,14.51,3.13,17.94,1.03,FMCG,Hold
2025-02-19,343.13,348.25,337.93,347.19,847739,71.27,12.3,28.23,4.5,27.84,1.77,Banking,Buy
2025-02-20,311.68,314.32,308.48,311.11,972327,69.77,13.88,22.41,0.69,25.03,1.69,Technology,Strong Buy
2025-02-21,210.92,215.95,202.38,206.45,3194946,40.12,22.2,9.3,4.41,12.17,0.17,Banking,Buy
2025-02-24,169.53,173.34,162.08,163.11,4729215,30.44,24.48,6.66,2.13,26.61,0.38,Banking,Strong Buy
2025-02-25,286.85,290.43,280.97,283.65,2422135,57.09,27.6,10.28,3.98,10.33,0.32,Banking,Buy
2025-02-26,238.03,247.08,235.22,243.13,1478039,47.95,19.58,12.42,3.63,24.35,1.33,Healthcare,Buy
2025-02-27,174.41,176.81,172.02,175.34,1399885,34.68,30.07,5.83,2.77,15.61,1.49,FMCG,Buy
2025-02-28,249.04,250.62,239.45,241.28,1108746,46.81,34.36,7.02,,25.56,0.46,Energy,Buy
2025-03-03,156.88,159.56,156.15,157.56,3502819,28.76,32.28,4.88,4.01,25.36,0.96,Energy,Buy
2025-03-04,331.86,338.45,326.54,335.06,999876,60.67,13.03,25.71,2.12,24.12,1.53,Healthcare,Hold
2025-03-05,201.76,204.87,195.6,197.3,2462165,47.21,24.49,8.06,1.81,23.8,1.35,Banking,Strong Buy
2025-03-06,282.5,284.66,278.16,283.59,1111213,58.32,14.73,19.25,3.17,14.09,1.02,Healthcare,Sell
2025-03-07,212.34,217.84,211.16,212.65,1268734,43.18,18.29,11.63,3.73,9.62,1.1,Healthcare,Hold
2025-03-10,254.01,260.28,243.53,246.75,4741361,54.48,37.65,6.55,3.55,16.06,0.96,Technology,Hold
2025-03-11,259.34,266.38,255.64,261.66,2339433,50.53,15.7,16.67,3.69,11.47,0.61,FMCG,Buy
2025-03-12,186.97,192.31,186.37,189.59,4172214,44.93,24.97,7.59,2.24,21.9,1.06,Energy,Hold
2025-03-13,343.92,356.45,340.57,353.23,2526580,80.25,28.07,12.58,3.77,14.92,1.27,Banking,Strong Buy
2025-03-14,305.03,319.56,303.48,313.07,4839235,58.03,30.26,10.35,0.98,27.51,1.58,Energy,Strong Buy
2025-03-17,337.9,343.9,325.13,326.26,1992252,66.9,26.55,12.29,2.68,20.82,1.18,Energy,Buy
2025-03-18,328.97,330.86,313.3,321.26,4026737,74.77,12.25,26.23,0.52,24.45,1.39,FMCG,Hold
2025-03-19,269.58,279.32,267.04,273.05,901921,64.63,20.49,13.33,1.8,10.65,0.37,Energy,Strong Buy
2025-03-20,334.37,345.74,327.47,338.66,2508960,70.46,25.46,13.3,1.97,25.24,0.88,Energy,Buy
2025-03-21,167.7,173.91,166.38,169.86,4955214,36.83,14.28,11.89,2.08,26.46,0.12,Healthcare,Sell
2025-03-24,189.2,211.3,185.86,207.42,587955,39.41,21.12,9.82,3.28,17.74,0.52,FMCG,Hold
2025-03-25,159.05,163.92,155.95,161.32,4316446,38.63,12.86,12.54,2.05,20.13,1.33,Technology,Buy
2025-03-26,215.07,223.75,211.69,221.18,3876513,42.89,14.04,15.75,2.29,23.3,1.79,Banking,Strong Buy
2025-03-27,227.74,238.64,224.81,233.17,2437878,55.16,22.32,10.45,1.45,11.5,0.27,Energy,Hold
2025-03-28,204.27,212.15,201.93,207.6,4902294,45.46,15.45,13.44,1.99,18.05,0.78,Banking,Buy
2025-03-31,315.75,316.71,310.12,313.26,2585259,67.81,26.76,11.71,1.41,15.97,1.46,Technology,Strong Buy
2025-04-01,221.35,226.14,216.18,225.55,2975539,47.54,29.93,7.54,0.79,10.93,0.45,Banking,Strong Buy
2025-04-02,206.19,208.39,197.94,202.21,2205215,39.2,32.82,6.16,2.91,15.35,1.04,Technology,Sell
2025-04-03,258.54,263.88,250.79,257.01,2989569,48.98,17.2,14.94,3.17,9.36,1.35,Healthcare,Hold
2025-04-04,178.18,182.58,175.16,176.02,3766402,34.01,16.35,10.77,2.98,8.52,1.15,Energy,Hold
2025-04-07,310.44,312.78,304.6,311.08,2483851,59.47,14.72,21.13,2.35,10.7,0.42,Technology,Hold
2025-04-08,164.91,177.18,161.02,174.45,4608880,39.56,28.55,6.11,2.02,27.26,0.7,Banking,Buy
2025-04-09,347.38,351.12,329.12,331.16,4761946,66.57,30.37,10.9,3.95,18.99,1.43,Energy,Buy
2025-04-10,304.45,317.2,303.38,309.67,590093,56.82,,24.16,2.58,27.32,1.04,Healthcare,Buy
2025-04-11,189.74,193.79,178.62,182.09,2056182,43.36,36.34,5.01,2.42,16.65,0.11,Energy,Buy
2025-04-14,151.1,154.32,147.05,149.32,4911519,34.8,13.35,11.19,0.6,14.24,1.39,Technology,Buy
2025-04-15,313.09,325.72,306.4,321.61,2503679,75.79,26.07,12.34,1.86,18.12,0.16,Healthcare,Hold
2025-04-16,291.37,295.21,289.85,291.84,2232465,69.95,30.44,9.59,2.02,16.79,1.37,Banking,Hold
2025-04-17,295.8,298.25,281.99,287.83,4730258,54.81,,8.31,2.1,10.11,0.44,Healthcare,Hold
2025-04-18,304.25,305.25,296.83,298.81,3673584,60.89,30.57,9.77,2.82,20.82,1.73,Healthcare,Buy
2025-04-21,164.81,171.28,163.86,167.61,3156807,37.8,32.84,5.1,2.63,12.32,0.73,FMCG,Hold
2025-04-22,221.69,226.28,216.38,217.64,3359244,48.26,20.83,10.45,2.93,20.39,0.66,Healthcare,Hold
2025-04-23,173.17,178.46,169.58,174.11,1386040,32.95,33.19,5.25,3.56,21.0,0.35,Healthcare,Buy
2025-04-24,322.62,331.04,317.04,322.99,822918,73.95,14.08,22.94,3.75,11.04,0.62,Energy,Hold
2025-04-25,274.66,278.72,266.4,270.19,3438613,52.27,35.27,7.66,3.37,9.23,1.59,Banking,Buy
2025-04-28,216.18,232.25,213.96,227.77,2745909,44.06,26.24,8.68,4.32,23.62,1.79,Energy,Buy
2025-04-29,162.71,169.21,159.1,165.29,4562442,35.08,33.25,,0.57,17.2,0.73,Energy,Strong Buy
2025-04-30,212.2,216.77,199.24,201.46,616739,43.43,23.76,8.48,1.28,9.16,0.86,Technology,Buy
2025-05-01,215.04,217.7,210.57,216.04,1786585,46.41,28.73,7.52,0.53,27.9,1.33,Energy,Buy
2025-05-02,295.92,299.58,287.5,291.02,1280316,53.98,25.69,11.33,3.09,9.16,1.61,FMCG,Hold
2025-05-05,277.51,284.83,274.55,283.42,4034550,65.94,31.02,9.14,4.09,21.9,1.11,FMCG,Sell
2025-05-06,327.44,335.28,316.89,320.95,3989866,62.89,14.12,22.73,1.47,27.67,0.77,Technology,Hold
2025-05-07,244.44,248.34,241.56,243.74,1866853,45.77,13.57,17.96,4.21,12.78,0.8,Banking,Hold
2025-05-08,173.92,177.4,170.58,176.12,1514929,41.09,18.42,9.56,0.74,10.84,1.28,Banking,Buy
2025-05-09,292.65,304.2,288.68,298.98,2066847,70.96,16.15,18.51,4.24,,0.11,Energy,Hold
2025-05-12,302.16,307.06,290.94,293.09,2920564,67.92,34.67,8.45,1.91,14.07,1.15,Energy,Strong Buy
2025-05-13,262.26,264.94,254.17,260.07,3082569,59.44,17.7,14.69,0.91,10.02,0.7,Energy,Buy
2025-05-14,304.19,305.59,297.32,300.58,1980035,65.92,37.37,8.04,2.44,21.84,1.45,Banking,Buy
2025-05-15,248.76,253.1,241.15,244.7,688456,52.13,20.76,11.79,1.53,9.25,0.26,Healthcare,Buy
2025-05-16,254.55,269.49,248.73,265.78,3153093,49.23,16.74,15.88,1.64,18.19,1.1,FMCG,Strong Buy
2025-05-19,235.51,242.59,231.66,237.89,3803457,48.65,32.53,7.31,1.73,27.93,0.92,Healthcare,Strong Buy
2025-05-20,155.08,157.25,149.49,150.19,4585412,30.39,29.13,5.16,3.71,24.28,1.19,Healthcare,Buy
2025-05-21,171.58,179.31,167.53,175.52,4922808,34.33,24.95,7.03,2.66,20.3,0.21,Banking,Sell
2025-05-22,156.29,167.0,153.72,164.58,1216756,36.77,26.44,6.22,1.75,14.13,1.09,Healthcare,Buy
2025-05-23,277.28,288.68,274.59,284.44,551226,59.66,,9.27,2.94,20.48,1.05,Technology,Buy
2025-05-26,212.87,217.59,203.71,204.78,4251198,37.86,17.94,11.41,3.36,18.54,1.05,Energy,Strong Buy
2025-05-27,251.71,254.55,243.62,248.66,4121509,48.04,37.9,6.56,1.59,16.52,1.13,Technology,Hold
2025-05-28,331.51,343.75,326.12,342.01,3638145,75.58,37.34,9.16,2.15,10.61,1.25,FMCG,Buy
2025-05-29,199.86,200.39,193.52,196.32,4397611,36.23,28.91,,0.99,25.73,1.47,Energy,Buy
2025-05-30,232.08,239.2,226.84,234.66,1726476,54.22,17.19,13.65,1.22,17.0,0.56,Healthcare,Buy
2025-06-02,301.11,311.93,295.05,306.94,4684056,64.37,29.69,10.34,3.22,11.89,1.5,FMCG,Strong Buy
2025-06-03,195.76,199.32,190.17,191.22,1072212,39.93,13.88,13.78,1.23,15.36,0.95,Energy,Strong Buy
2025-06-04,165.4,166.54,163.64,165.15,4918441,35.6,12.8,12.9,2.6,16.28,0.23,Healthcare,Buy
2025-06-05,207.95,209.02,189.63,191.1,2000844,43.85,18.7,10.22,3.34,24.55,0.2,Technology,Strong Buy
2025-06-06,182.24,182.67,174.18,177.57,1429168,35.67,24.03,7.39,0.93,22.67,0.67,Energy,Strong Buy
2025-06-09,335.94,339.32,332.89,333.82,3943609,73.67,34.58,9.65,,23.39,1.43,Healthcare,Buy
2025-06-10,311.62,316.47,297.34,301.9,863476,64.59,30.91,9.77,1.53,8.22,1.3,Technology,Hold
2025-06-11,276.68,291.14,271.27,287.97,1900283,56.45,31.31,9.2,4.35,16.32,1.44,FMCG,Buy
2025-06-12,324.29,328.2,305.77,312.7,1191757,72.77,23.06,13.56,2.43,17.63,0.98,FMCG,Buy
2025-06-13,310.73,317.81,304.28,307.31,890719,70.02,20.99,14.64,3.72,8.38,0.85,FMCG,Buy
2025-06-16,187.31,189.8,183.4,187.92,2027937,41.25,21.65,8.68,2.7,13.2,0.35,FMCG,Sell
2025-06-17,328.51,345.05,327.02,340.35,1649947,78.63,37.68,9.03,0.67,23.21,0.66,Banking,Buy
2025-06-18,257.87,263.03,243.27,248.61,3837920,57.69,13.04,19.07,3.03,10.74,0.84,Energy,Strong Buy
2025-06-19,311.49,324.11,309.95,320.55,3796050,71.32,34.54,9.28,4.31,18.71,0.25,Energy,Hold
2025-06-20,329.22,334.67,325.55,329.3,2618324,75.81,27.05,12.17,2.91,12.3,0.48,Banking,Strong Buy
2025-06-23,213.6,218.26,204.12,208.36,3178932,46.22,23.4,8.9,3.78,8.24,1.12,Healthcare,Buy
2025-06-24,172.01,178.15,171.07,174.0,1376031,38.42,30.86,5.64,4.04,12.82,1.35,Healthcare,Buy
2025-06-25,195.59,197.62,194.17,196.56,1770896,42.68,24.65,7.97,1.41,27.52,1.8,FMCG,Hold
2025-06-26,235.42,240.91,227.57,231.89,4063706,52.21,34.71,6.68,1.35,24.03,1.69,Technology,Buy
2025-06-27,313.6,318.33,307.78,314.15,1559622,59.54,35.42,8.87,2.94,27.19,1.19,Healthcare,Hold
2025-06-30,322.15,324.71,313.71,319.05,4922375,74.29,22.96,13.9,2.14,17.76,0.82,Technology,Sell
2025-07-01,151.39,153.73,148.67,151.82,878165,35.27,19.2,7.91,3.86,10.19,1.18,Energy,Strong Buy
2025-07-02,252.15,262.61,248.5,256.32,1208662,46.59,27.4,9.35,4.1,18.96,1.44,Technology,Buy
2025-07-03,233.48,245.98,231.66,242.74,4631479,55.72,35.72,6.8,1.91,17.09,0.3,Energy,Buy
2025-07-04,194.42,196.28,186.53,188.4,1512117,35.37,17.48,10.78,1.45,24.89,0.8,Banking,Buy
2025-07-07,173.97,186.29,172.9,183.25,1145188,36.67,28.2,6.5,3.62,9.96,1.53,Banking,Buy
2025-07-08,217.52,219.16,202.16,206.9,915008,46.47,28.42,7.28,1.6,17.76,0.75,FMCG,Sell
2025-07-09,338.58,339.85,332.1,337.3,2131993,63.97,31.06,10.86,3.79,11.0,1.07,Healthcare,Hold
2025-07-10,214.64,218.88,212.23,217.8,3851278,49.89,15.42,14.12,,14.49,1.1,FMCG,Hold
2025-07-11,253.76,256.8,250.56,255.54,2842035,58.76,30.61,8.35,3.17,22.75,0.41,Energy,Buy
2025-07-14,290.6,292.2,279.27,286.08,3268362,60.2,35.63,8.03,0.88,17.52,0.72,FMCG,Hold
2025-07-15,222.73,223.89,220.35,221.57,3526768,39.97,16.67,13.29,3.0,15.52,0.67,Technology,Sell
2025-07-16,344.36,350.12,334.85,340.12,1670365,67.08,18.18,18.71,2.31,15.89,0.14,Energy,Hold
2025-07-17,342.49,344.61,332.84,337.44,1179418,73.23,37.26,9.06,2.85,17.19,0.14,Banking,Strong Buy
2025-07-18,200.36,206.66,197.14,204.62,2111754,48.88,16.71,12.25,1.17,23.7,1.51,Healthcare,Hold
2025-07-21,249.45,257.37,248.85,251.68,1614593,54.84,34.21,7.36,3.45,25.84,0.56,Energy,Strong Buy
2025-07-22,210.18,212.89,201.98,206.54,1726952,40.4,24.8,8.33,3.95,27.11,0.98,Energy,Buy
2025-07-23,206.97,215.29,202.12,211.62,3221864,46.14,18.43,11.48,1.37,23.74,0.61,Technology,Strong Buy
2025-07-24,157.38,159.54,155.02,158.59,4447208,33.68,34.64,4.58,0.88,14.31,1.7,Healthcare,Hold
2025-07-25,271.91,279.22,267.01,277.44,3438496,62.92,23.58,11.77,0.59,21.76,0.54,Banking,Hold
2025-07-28,250.54,255.23,244.72,254.48,4375754,47.44,25.39,10.02,3.07,16.75,0.83,Energy,Strong Buy
2025-07-29,160.3,161.24,154.11,156.98,3204999,35.42,21.34,7.36,2.93,13.09,1.58,Energy,Buy
2025-07-30,205.73,207.46,201.73,202.85,3494200,43.1,27.42,7.4,2.69,24.82,1.53,Technology,Buy
2025-07-31,331.65,339.9,326.59,337.85,1824070,80.33,16.25,20.79,1.43,8.77,0.42,FMCG,Buy
2025-08-01,197.91,201.74,194.75,200.93,3690914,40.29,22.17,9.06,2.06,26.04,1.46,Banking,Strong Buy
2025-08-04,178.98,179.83,176.79,178.89,3024388,38.99,37.2,4.81,2.88,17.23,0.88,Healthcare,Buy
2025-08-05,247.89,251.75,243.2,248.62,2158987,58.65,18.71,13.29,2.49,20.74,0.92,Energy,Hold
2025-08-06,347.13,360.64,338.98,358.22,4376274,66.68,29.08,12.32,4.45,21.19,0.33,Energy,Strong Buy
2025-08-07,198.41,200.47,190.93,195.48,3337981,46.18,20.45,9.56,1.05,25.9,0.24,Banking,Strong Buy
2025-08-08,284.43,292.23,280.91,288.32,2161793,63.8,32.11,8.98,3.28,20.73,1.34,FMCG,Buy
2025-08-11,302.32,307.73,299.41,300.79,1116036,55.37,15.4,19.53,2.12,20.28,0.94,Energy,Sell
2025-08-12,197.53,198.1,191.62,196.46,3891418,38.91,37.22,5.28,2.21,9.33,0.84,Banking,Hold
2025-08-13,295.64,309.95,289.34,303.76,928988,67.58,23.8,12.76,3.37,18.37,1.34,Technology,Hold
2025-08-14,223.56,231.92,222.47,228.17,4584752,41.99,18.14,12.58,3.27,11.0,1.4,FMCG,Buy
2025-08-15,276.46,283.17,270.05,282.08,4874857,60.63,13.91,20.28,4.47,22.75,0.37,Healthcare,Buy
2025-08-18,276.71,292.05,270.62,285.74,3477590,57.36,16.41,17.41,1.01,18.24,1.14,Energy,Strong Buy
2025-08-19,257.15,263.25,253.57,257.29,3797291,55.9,25.51,10.09,0.92,21.6,0.33,Banking,Hold
2025-08-20,168.06,171.51,165.44,170.93,4302429,31.24,20.76,8.23,3.4,8.83,1.38,Technology,Sell
2025-08-21,317.06,319.71,311.08,314.6,2990706,73.08,33.55,9.38,2.81,9.7,1.22,Healthcare,Hold
2025-08-22,214.16,220.34,213.46,215.9,1691902,51.47,23.2,9.31,1.6,22.33,1.73,Banking,Hold
2025-08-25,187.3,190.9,184.88,186.69,2992118,44.46,18.47,10.11,0.82,,0.22,Banking,Hold
2025-08-26,158.16,159.53,154.92,158.54,4237973,35.67,28.05,5.65,0.84,9.43,0.2,Healthcare,Strong Buy
2025-08-27,268.18,274.02,267.62,272.17,2702575,51.11,30.38,8.96,4.08,8.24,0.58,Technology,Sell
2025-08-28,285.51,288.51,276.97,279.67,964071,63.06,16.34,17.12,1.27,27.13,0.54,Technology,Strong Buy
2025-08-29,153.32,163.46,151.61,161.34,4881137,29.28,16.36,9.86,1.79,22.75,0.52,FMCG,Buy
2025-09-01,252.42,256.51,242.54,246.07,1275435,44.62,12.95,19.0,1.41,15.07,1.64,Energy,Strong Buy
2025-09-02,195.3,197.35,184.98,189.37,2674606,37.76,31.15,6.08,1.92,13.93,0.52,Healthcare,Strong Buy
2025-09-03,279.03,290.74,276.25,287.11,3998472,60.1,29.26,9.81,0.78,14.99,0.56,Healthcare,Buy
2025-09-04,184.87,192.15,183.03,188.53,3506316,42.65,24.34,7.75,2.58,23.49,1.39,Healthcare,Buy
2025-09-05,288.19,293.52,282.73,292.69,2064718,64.68,33.95,8.62,0.77,21.23,0.86,Technology,Buy
2025-09-08,227.35,232.72,224.53,230.92,2634793,47.74,32.95,7.01,3.7,11.7,1.42,Energy,Buy
2025-09-09,337.35,343.56,334.83,337.25,2102575,66.24,27.22,12.39,1.43,11.48,0.21,FMCG,Strong Buy
2025-09-10,177.5,181.51,171.37,173.52,4313270,41.61,34.58,5.02,2.66,9.97,0.93,Banking,Strong Buy
2025-09-11,218.21,221.63,217.07,218.62,2878837,44.94,17.35,12.6,4.02,21.21,0.16,Banking,Buy
2025-09-12,172.69,175.15,168.74,169.77,2024102,35.16,14.91,11.39,3.1,23.29,0.21,Healthcare,Buy
2025-09-15,334.94,344.64,330.43,343.11,3690541,65.13,19.01,18.05,2.63,13.3,1.64,Energy,Hold
2025-09-16,325.47,329.47,320.5,324.27,1164180,73.83,13.48,24.06,1.8,8.42,0.34,Technology,Hold
2025-09-17,201.59,204.46,192.88,197.43,2883366,43.75,25.81,7.65,1.83,9.64,1.01,Energy,Hold
2025-09-18,282.0,284.14,276.84,279.73,2535848,54.06,36.35,7.7,3.18,27.36,0.8,Energy,Hold
2025-09-19,313.44,319.27,308.63,316.68,2939855,58.57,13.02,24.32,4.48,13.91,0.69,Technology,Buy
2025-09-22,261.04,263.83,253.1,257.36,704615,56.83,15.17,16.97,3.15,23.38,1.63,Healthcare,Hold
2025-09-23,255.93,256.56,250.09,250.67,2025233,54.96,23.76,10.55,2.73,20.49,0.14,Energy,Buy
2025-09-24,198.37,201.46,194.95,199.58,4396022,39.2,36.28,5.5,3.42,15.64,1.23,Banking,Buy
2025-09-25,168.62,170.81,167.59,169.65,2303740,40.22,20.22,8.39,2.36,12.11,1.74,Technology,Hold
2025-09-26,329.44,332.58,317.42,325.26,4468222,61.49,25.19,12.91,0.74,10.43,1.05,FMCG,Buy
2025-09-29,330.08,331.65,324.42,326.19,3568893,67.18,13.08,24.94,2.75,20.3,1.69,Healthcare,Hold
2025-09-30,276.62,284.47,273.43,278.22,1338003,65.83,15.86,17.54,4.33,23.49,0.19,Technology,Hold
2025-10-01,217.81,221.22,209.09,209.92,3933382,43.07,37.65,5.58,1.2,20.88,0.81,FMCG,Hold
2025-10-02,219.84,223.71,206.81,212.1,781570,46.3,37.09,5.72,3.26,18.61,0.54,FMCG,Sell
2025-10-03,295.19,301.14,285.96,289.89,3682993,59.1,12.13,23.9,1.3,8.84,1.34,Energy,Buy
2025-10-06,329.42,333.86,322.52,327.66,4581082,64.37,36.75,8.92,2.64,27.37,1.77,Energy,Buy
2025-10-07,327.42,331.28,326.26,329.96,3895049,78.87,28.62,,0.89,,0.54,Energy,Buy
2025-10-08,305.98,321.82,300.09,317.27,566150,64.9,34.57,9.18,2.3,13.86,1.21,Technology,Buy
